-- phpMyAdmin SQL Dump
-- version 5.0.3
-- https://www.phpmyadmin.net/
--
-- Host: 127.0.0.1
-- Generation Time: Feb 02, 2021 at 04:04 PM
-- Server version: 10.4.14-MariaDB
-- PHP Version: 7.3.23

SET SQL_MODE = "NO_AUTO_VALUE_ON_ZERO";
START TRANSACTION;
SET time_zone = "+00:00";


/*!40101 SET @OLD_CHARACTER_SET_CLIENT=@@CHARACTER_SET_CLIENT */;
/*!40101 SET @OLD_CHARACTER_SET_RESULTS=@@CHARACTER_SET_RESULTS */;
/*!40101 SET @OLD_COLLATION_CONNECTION=@@COLLATION_CONNECTION */;
/*!40101 SET NAMES utf8mb4 */;

--
-- Database: `db_pib`
--

-- --------------------------------------------------------

--
-- Table structure for table `failed_jobs`
--

CREATE TABLE `failed_jobs` (
  `id` bigint(20) UNSIGNED NOT NULL,
  `connection` text COLLATE utf8mb4_unicode_ci NOT NULL,
  `queue` text COLLATE utf8mb4_unicode_ci NOT NULL,
  `payload` longtext COLLATE utf8mb4_unicode_ci NOT NULL,
  `exception` longtext COLLATE utf8mb4_unicode_ci NOT NULL,
  `failed_at` timestamp NOT NULL DEFAULT current_timestamp()
) ENGINE=InnoDB DEFAULT CHARSET=utf8mb4 COLLATE=utf8mb4_unicode_ci;

-- --------------------------------------------------------

--
-- Table structure for table `kelas`
--

CREATE TABLE `kelas` (
  `id` bigint(20) UNSIGNED NOT NULL,
  `kelas` varchar(20) COLLATE utf8mb4_unicode_ci NOT NULL,
  `tingkat` varchar(5) COLLATE utf8mb4_unicode_ci NOT NULL,
  `wali_id` bigint(20) UNSIGNED NOT NULL,
  `created_at` timestamp NULL DEFAULT NULL,
  `updated_at` timestamp NULL DEFAULT NULL
) ENGINE=InnoDB DEFAULT CHARSET=utf8mb4 COLLATE=utf8mb4_unicode_ci;

--
-- Dumping data for table `kelas`
--

INSERT INTO `kelas` (`id`, `kelas`, `tingkat`, `wali_id`, `created_at`, `updated_at`) VALUES
(1, 'X DPIB', 'X', 1, NULL, NULL),
(2, 'X MM', 'X', 2, NULL, NULL),
(3, 'X RPL 1', 'X', 3, NULL, NULL),
(4, 'X RPL 2', 'X', 4, NULL, NULL),
(5, 'X TBSM1', 'X', 5, NULL, NULL),
(6, 'X TBSM2', 'X', 6, NULL, NULL),
(7, 'X TEKLIN', 'X', 7, NULL, NULL),
(8, 'X TKJ 1', 'X', 8, NULL, NULL),
(9, 'X TKJ 2', 'X', 9, NULL, NULL),
(10, 'X TKJ 3', 'X', 10, NULL, NULL),
(11, 'X TKRO 1', 'X', 11, NULL, NULL),
(12, 'X TKRO 2', 'X', 12, NULL, NULL),
(13, 'X TKRO 3', 'X', 13, NULL, NULL),
(14, 'XI DPIB 1', 'XI', 14, NULL, NULL),
(15, 'XI DPIB 2', 'XI', 15, NULL, NULL),
(16, 'XI MM', 'XI', 16, NULL, NULL),
(17, 'XI RPL 1', 'XI', 17, NULL, NULL),
(18, 'XI RPL 2', 'XI', 18, NULL, NULL),
(19, 'XI TBSM 1', 'XI', 19, NULL, NULL),
(20, 'XI TBSM 2', 'XI', 20, NULL, NULL),
(21, 'XI TEKLIN', 'XI', 21, NULL, NULL),
(22, 'XI TKJ 1', 'XI', 22, NULL, NULL),
(23, 'XI TKJ 2', 'XI', 23, NULL, NULL),
(24, 'XI TKJ 3', 'XI', 24, NULL, NULL),
(25, 'XI TKRO 1', 'XI', 25, NULL, NULL),
(26, 'XI TKRO 2', 'XI', 26, NULL, NULL),
(27, 'XI TKRO 3', 'XI', 27, NULL, NULL),
(28, 'XI TKRO 4', 'XI', 28, NULL, NULL),
(29, 'XII DPIB', 'XII', 29, NULL, NULL),
(30, 'XII MM', 'XII', 30, NULL, NULL),
(31, 'XII RPL 2', 'XII', 31, NULL, NULL),
(32, 'XII RPL 1', 'XII', 32, NULL, NULL),
(33, 'XII TBSM 1', 'XII', 33, NULL, NULL),
(34, 'XII TBSM 2', 'XII', 34, NULL, NULL),
(35, 'XII TEKLIN', 'XII', 35, NULL, NULL),
(36, 'XII TKJ 1', 'XII', 36, NULL, NULL),
(37, 'XII TKJ 2', 'XII', 37, NULL, NULL),
(38, 'XII TKJ 3', 'XII', 38, NULL, NULL),
(39, 'XII TKJ 4', 'XII', 39, NULL, NULL),
(40, 'XII TKRO 1', 'XII', 40, NULL, NULL),
(41, 'XII TKRO 2', 'XII', 41, NULL, NULL),
(42, 'XII TKRO 3', 'XII', 42, NULL, NULL),
(43, 'XII TKRO 4', 'XII', 43, NULL, NULL);

-- --------------------------------------------------------

--
-- Table structure for table `komponens`
--

CREATE TABLE `komponens` (
  `id` bigint(20) UNSIGNED NOT NULL,
  `nama_komponen` varchar(50) COLLATE utf8mb4_unicode_ci NOT NULL,
  `created_at` timestamp NULL DEFAULT NULL,
  `updated_at` timestamp NULL DEFAULT NULL
) ENGINE=InnoDB DEFAULT CHARSET=utf8mb4 COLLATE=utf8mb4_unicode_ci;

--
-- Dumping data for table `komponens`
--

INSERT INTO `komponens` (`id`, `nama_komponen`, `created_at`, `updated_at`) VALUES
(13, 'Wudhu', NULL, NULL),
(14, 'Tayamum', NULL, NULL),
(15, 'Sholat Fardhu', NULL, NULL),
(16, 'Sholat Jenazah', NULL, NULL),
(17, 'Shaum', NULL, NULL),
(18, 'Baca Tulis Quran', NULL, NULL),
(19, 'Sholat Sunnah', NULL, NULL),
(20, 'Do\'a Sehari-hari', NULL, NULL),
(21, 'Hafalan Juz \'Amma', NULL, NULL),
(22, 'Khutbah/Pidato', NULL, NULL),
(23, 'BTQQQ', NULL, NULL);

-- --------------------------------------------------------

--
-- Table structure for table `migrations`
--

CREATE TABLE `migrations` (
  `id` int(10) UNSIGNED NOT NULL,
  `migration` varchar(255) COLLATE utf8mb4_unicode_ci NOT NULL,
  `batch` int(11) NOT NULL
) ENGINE=InnoDB DEFAULT CHARSET=utf8mb4 COLLATE=utf8mb4_unicode_ci;

--
-- Dumping data for table `migrations`
--

INSERT INTO `migrations` (`id`, `migration`, `batch`) VALUES
(4, '2014_10_12_000000_create_users_table', 1),
(5, '2019_08_19_000000_create_failed_jobs_table', 1),
(7, '2020_12_27_073518_create_komponens_table', 2),
(10, '2020_12_27_073847_create_subkomponens_table', 3),
(11, '2020_12_27_100359_create_siswas_table', 4),
(14, '2020_12_27_100627_create_penilaians_table', 5),
(15, '2020_12_29_043140_create_walis_table', 6),
(16, '2020_12_29_043548_create_kelases_table', 6),
(17, '2021_02_02_033047_create_table_tahun_ajaran_table', 7),
(18, '2021_02_02_033547_create_tahun_ajaran_table', 7);

-- --------------------------------------------------------

--
-- Table structure for table `penilaians`
--

CREATE TABLE `penilaians` (
  `id` bigint(20) UNSIGNED NOT NULL,
  `nisn` varchar(12) COLLATE utf8mb4_unicode_ci NOT NULL,
  `komponen_id` bigint(20) UNSIGNED NOT NULL,
  `subkomponen_id` bigint(20) UNSIGNED NOT NULL,
  `nilai` int(11) NOT NULL,
  `created_at` timestamp NULL DEFAULT NULL,
  `updated_at` timestamp NULL DEFAULT NULL
) ENGINE=InnoDB DEFAULT CHARSET=utf8mb4 COLLATE=utf8mb4_unicode_ci;

--
-- Dumping data for table `penilaians`
--

INSERT INTO `penilaians` (`id`, `nisn`, `komponen_id`, `subkomponen_id`, `nilai`, `created_at`, `updated_at`) VALUES
(127, '0025228081', 19, 791, 4, '2021-02-01 19:04:51', '2021-02-01 19:04:51'),
(128, '0025228081', 19, 793, 4, '2021-02-01 19:04:51', '2021-02-01 19:04:51'),
(129, '0025228081', 22, 794, 1, '2021-02-01 19:04:51', '2021-02-01 19:04:51'),
(130, '0025228081', 13, 795, 2, '2021-02-01 19:04:51', '2021-02-01 19:04:51'),
(131, '0025228081', 14, 796, 4, '2021-02-01 19:04:51', '2021-02-01 19:04:51'),
(132, '0025228081', 20, 797, 3, '2021-02-01 19:04:51', '2021-02-01 19:04:51'),
(133, '0025228081', 21, 798, 4, '2021-02-01 19:04:51', '2021-02-01 19:04:51'),
(134, '0025228081', 21, 799, 4, '2021-02-01 19:04:51', '2021-02-01 19:04:51'),
(135, '0025228081', 21, 800, 4, '2021-02-01 19:04:51', '2021-02-01 19:04:51'),
(136, '0037061335', 19, 791, 4, '2021-02-01 19:13:29', '2021-02-01 19:13:29'),
(137, '0037061335', 19, 793, 3, '2021-02-01 19:13:29', '2021-02-01 19:13:29'),
(138, '0037061335', 22, 794, 2, '2021-02-01 19:13:29', '2021-02-01 19:13:29'),
(139, '0037061335', 13, 795, 4, '2021-02-01 19:13:29', '2021-02-01 19:13:29'),
(140, '0037061335', 14, 796, 2, '2021-02-01 19:13:29', '2021-02-01 19:13:29'),
(141, '0037061335', 20, 797, 4, '2021-02-01 19:13:29', '2021-02-01 19:13:29'),
(142, '0037061335', 21, 798, 4, '2021-02-01 19:13:29', '2021-02-01 19:13:29'),
(143, '0037061335', 21, 799, 4, '2021-02-01 19:13:29', '2021-02-01 19:13:29'),
(144, '0037061335', 21, 800, 4, '2021-02-01 19:13:29', '2021-02-01 19:13:29'),
(145, '0026591569', 19, 791, 1, '2021-02-01 19:14:35', '2021-02-01 19:14:35'),
(146, '0026591569', 19, 793, 4, '2021-02-01 19:14:35', '2021-02-01 19:14:35'),
(147, '0026591569', 22, 794, 3, '2021-02-01 19:14:35', '2021-02-01 19:14:35'),
(148, '0026591569', 13, 795, 4, '2021-02-01 19:14:35', '2021-02-01 19:14:35'),
(149, '0026591569', 14, 796, 4, '2021-02-01 19:14:35', '2021-02-01 19:14:35'),
(150, '0026591569', 20, 797, 4, '2021-02-01 19:14:35', '2021-02-01 19:14:35'),
(151, '0026591569', 21, 798, 4, '2021-02-01 19:14:35', '2021-02-01 19:14:35'),
(152, '0026591569', 21, 799, 1, '2021-02-01 19:14:35', '2021-02-01 19:14:35'),
(153, '0026591569', 21, 800, 2, '2021-02-01 19:14:35', '2021-02-01 19:14:35'),
(154, '0025228081', 19, 791, 3, '2021-02-01 19:25:23', '2021-02-01 19:25:23'),
(155, '0025228081', 19, 793, 0, '2021-02-01 19:25:23', '2021-02-01 19:25:23'),
(156, '0025228081', 22, 794, 0, '2021-02-01 19:25:23', '2021-02-01 19:25:23'),
(157, '0025228081', 13, 795, 0, '2021-02-01 19:25:23', '2021-02-01 19:25:23'),
(158, '0025228081', 14, 796, 0, '2021-02-01 19:25:23', '2021-02-01 19:25:23'),
(159, '0025228081', 20, 797, 0, '2021-02-01 19:25:23', '2021-02-01 19:25:23'),
(160, '0025228081', 21, 798, 0, '2021-02-01 19:25:23', '2021-02-01 19:25:23'),
(161, '0025228081', 21, 799, 0, '2021-02-01 19:25:23', '2021-02-01 19:25:23'),
(162, '0025228081', 21, 800, 0, '2021-02-01 19:25:23', '2021-02-01 19:25:23'),
(163, '0025228081', 19, 791, 3, '2021-02-01 19:25:33', '2021-02-01 19:25:33'),
(164, '0025228081', 19, 793, 0, '2021-02-01 19:25:33', '2021-02-01 19:25:33'),
(165, '0025228081', 22, 794, 0, '2021-02-01 19:25:33', '2021-02-01 19:25:33'),
(166, '0025228081', 13, 795, 0, '2021-02-01 19:25:33', '2021-02-01 19:25:33'),
(167, '0025228081', 14, 796, 0, '2021-02-01 19:25:33', '2021-02-01 19:25:33'),
(168, '0025228081', 20, 797, 0, '2021-02-01 19:25:33', '2021-02-01 19:25:33'),
(169, '0025228081', 21, 798, 0, '2021-02-01 19:25:33', '2021-02-01 19:25:33'),
(170, '0025228081', 21, 799, 0, '2021-02-01 19:25:33', '2021-02-01 19:25:33'),
(171, '0025228081', 21, 800, 0, '2021-02-01 19:25:33', '2021-02-01 19:25:33'),
(172, '0026792156', 19, 791, 1, '2021-02-01 19:26:25', '2021-02-01 19:26:25'),
(173, '0026792156', 19, 793, 2, '2021-02-01 19:26:25', '2021-02-01 19:26:25'),
(174, '0026792156', 22, 794, 2, '2021-02-01 19:26:25', '2021-02-01 19:26:25'),
(175, '0026792156', 13, 795, 4, '2021-02-01 19:26:25', '2021-02-01 19:26:25'),
(176, '0026792156', 14, 796, 3, '2021-02-01 19:26:25', '2021-02-01 19:26:25'),
(177, '0026792156', 20, 797, 4, '2021-02-01 19:26:25', '2021-02-01 19:26:25'),
(178, '0026792156', 21, 798, 3, '2021-02-01 19:26:25', '2021-02-01 19:26:25'),
(179, '0026792156', 21, 799, 3, '2021-02-01 19:26:25', '2021-02-01 19:26:25'),
(180, '0026792156', 21, 800, 3, '2021-02-01 19:26:25', '2021-02-01 19:26:25'),
(181, '0026591568', 19, 791, 4, '2021-02-02 05:51:18', '2021-02-02 05:51:18'),
(182, '0026591568', 19, 793, 3, '2021-02-02 05:51:18', '2021-02-02 05:51:18'),
(183, '0026591568', 22, 794, 2, '2021-02-02 05:51:18', '2021-02-02 05:51:18'),
(184, '0026591568', 13, 795, 0, '2021-02-02 05:51:18', '2021-02-02 05:51:18'),
(185, '0026591568', 14, 796, 0, '2021-02-02 05:51:18', '2021-02-02 05:51:18'),
(186, '0026591568', 20, 797, 0, '2021-02-02 05:51:18', '2021-02-02 05:51:18'),
(187, '0026591568', 21, 798, 0, '2021-02-02 05:51:18', '2021-02-02 05:51:18'),
(188, '0026591568', 21, 799, 0, '2021-02-02 05:51:18', '2021-02-02 05:51:18'),
(189, '0026591568', 21, 800, 0, '2021-02-02 05:51:18', '2021-02-02 05:51:18');

-- --------------------------------------------------------

--
-- Table structure for table `siswas`
--

CREATE TABLE `siswas` (
  `nisn` varchar(12) COLLATE utf8mb4_unicode_ci NOT NULL,
  `nis` varchar(12) COLLATE utf8mb4_unicode_ci NOT NULL,
  `nama_siswa` varchar(40) COLLATE utf8mb4_unicode_ci NOT NULL,
  `kelas_id` bigint(20) UNSIGNED NOT NULL,
  `created_at` timestamp NULL DEFAULT NULL,
  `updated_at` timestamp NULL DEFAULT NULL
) ENGINE=InnoDB DEFAULT CHARSET=utf8mb4 COLLATE=utf8mb4_unicode_ci;

--
-- Dumping data for table `siswas`
--

INSERT INTO `siswas` (`nisn`, `nis`, `nama_siswa`, `kelas_id`, `created_at`, `updated_at`) VALUES
('0009096653', '09092000', 'RIAN', 35, NULL, NULL),
('0010103018', '09102001', 'YADI S', 41, NULL, NULL),
('0010202007', '08122001', 'NENENG SHANTY', 30, NULL, NULL),
('0010202019', '05042000', 'DEDE RUSTAM', 43, NULL, NULL),
('0010608811', '09092001', 'A.RONI RAKA SIWI', 36, NULL, NULL),
('0011426910', '24022001', 'RIZKI MAULANA', 43, NULL, NULL),
('0012003453', '12072001', 'MUSLIMIN PAMUNGKAS', 42, NULL, NULL),
('0012386187', '17112001', 'ADI RAMDANI', 38, NULL, NULL),
('0016098957', '18032001', 'ASYIFA ARMARE', 32, NULL, NULL),
('0016099212', '31082001', 'NUGI AGUSTIAN', 34, NULL, NULL),
('0016272036', '06112001', 'MUHAMMAD NOPIAN GIANDI', 33, NULL, NULL),
('0016372625', '04042001', 'ANTON HILMAN', 37, NULL, NULL),
('0016373018', '03012001', 'TATAN RUSLIANA', 35, NULL, NULL),
('0016744947', '01112002', 'NUR MALASARI', 31, NULL, NULL),
('0018668238', '15042001', 'MUHAMAD RIZKI FIRDAUS', 42, NULL, NULL),
('0018974033', '01082001', 'DIKI IRWANA', 34, NULL, NULL),
('0018977031', '24112001', 'AYI SULASTRI', 37, NULL, NULL),
('0018977096', '30122001', 'ARI ADRIANSYAH', 35, NULL, NULL),
('0018990616', '08052003', 'MELINDA JUANSAH', 39, NULL, NULL),
('0018990714', '02062001', 'SITI HELMA MELANI', 38, NULL, NULL),
('0018990720', '14092002', 'INDRAWAN LASMITA', 43, NULL, NULL),
('0018990729', '18122001', 'SITI AISYAH', 38, NULL, NULL),
('0018990752', '14082001', 'AZHARI ABDUL JABAR', 33, NULL, NULL),
('0020545269', '19112002', 'NINDA HARDIANTI', 35, NULL, NULL),
('0020665913', '17072002', 'AI LISTIA ANDARITA', 32, NULL, NULL),
('0020665995', '01102002', 'RIDWANSAH', 35, NULL, NULL),
('0020666019', '10122002', 'IBNU RAIHAN', 42, NULL, NULL),
('0020666119', '03062002', 'MUHAMAD IHSAN', 35, NULL, NULL),
('0021223387', '11052002', 'WAWAN', 29, NULL, NULL),
('0021223559', '05122002', 'RAMDAN HIDAYAT', 30, NULL, NULL),
('0021223583', '22102002', 'EGI PAJRIANTO', 40, NULL, NULL),
('0021242007', '01052002', 'TANTI FAHRANI', 32, NULL, NULL),
('0021304467', '01042002', 'SUSI AFRIYANI', 36, NULL, NULL),
('0021585077', '05102002', 'SITI JOHAR MANIK', 36, NULL, NULL),
('0021749106', '30122002', 'BAYU PANGESTU', 40, NULL, NULL),
('0021801495', '08072002', 'DINI YULIANTI', 39, NULL, NULL),
('0021804356', '13052002', 'SUBHAN ARDIANSYAH', 39, NULL, NULL),
('0021889823', '17092002', 'FAZAR PIRMANSYAH', 39, NULL, NULL),
('0022121499', '20052002', 'MUHAMAD RAFI MAULANA', 34, NULL, NULL),
('0022301814', '20022001', 'RUSLAM CAHYA', 40, NULL, NULL),
('0022341014', '26042002', 'ERIKA', 38, NULL, NULL),
('0022440531', '18082002', 'RIZKI AHMAD FAUZI', 43, NULL, NULL),
('0022487674', '08082002', 'HAIRUL LUTFI HANDANI', 43, NULL, NULL),
('0022531432', '17082002', 'RIZWAN MAULANA', 42, NULL, NULL),
('0022594578', '24102002', 'ALIVIA FIRLI', 30, NULL, NULL),
('0022880406', '11052002', 'ELSA MEYLANI', 37, NULL, NULL),
('0022886610', '10072002', 'EVA DWIYANTI', 38, NULL, NULL),
('0022964760', '09092002', 'ROBI SUGARA', 42, NULL, NULL),
('0023043084', '09022002', 'RAHMAT HIDAYAT', 31, NULL, NULL),
('0023085040', '16122002', 'ARIANSYAH', 41, NULL, NULL),
('0023143638', '13082002', 'REYHAN SUDRAJAT', 35, NULL, NULL),
('0023364387', '21112002', 'RESTI ROSITA', 30, NULL, NULL),
('0023385052', '17092002', 'SURYANI', 36, NULL, NULL),
('0023425756', '31052002', 'JAJANG PURNAMA', 41, NULL, NULL),
('0023448900', '06102002', 'MUHAMAD IQBAL', 42, NULL, NULL),
('0023601184', '01122002', 'SUCI SRI DEWANTI', 38, NULL, NULL),
('0023645954', '08052002', 'ALI SUJIWO', 30, NULL, NULL),
('0023708179', '03102002', 'DEVI OCTAVIANTI', 29, NULL, NULL),
('0024147784', '02122002', 'RIKI RAMADHAN', 40, NULL, NULL),
('0024180474', '16022003', 'ALVIAN PEBRIANA DARMAYANI PUTRA', 38, NULL, NULL),
('0024223608', '05022002', 'Helmi Muzaki', 42, NULL, NULL),
('0024240990', '22052002', 'DESI NURAENI', 31, NULL, NULL),
('0024520098', '10112002', 'RIPANDI RAMADAN', 41, NULL, NULL),
('0024535093', '31032002', 'RIFKI AFIARI RAHMAN', 34, NULL, NULL),
('0024545320', '20062002', 'NIA NIAWATI', 37, NULL, NULL),
('0024588002', '27122002', 'FITRIA SUHERMAN', 35, NULL, NULL),
('0024604777', '29092002', 'FAZRIL HUSNI', 42, NULL, NULL),
('0024645821', '24032002', 'AGUNG MULYADI', 34, NULL, NULL),
('0024649838', '24062003', 'SAHRUL RUSDIANA', 34, NULL, NULL),
('0024663369', '19112002', 'SUCI RAHMAWATI PADILLAH', 29, NULL, NULL),
('0024671576', '08112002', 'MAYA ADILA', 39, NULL, NULL),
('0024710443', '18092002', 'MUHAMMAD GALANG PRAPANCA', 32, NULL, NULL),
('0024841032', '24102002', 'MOCH. LUTFI ALIANSYAH', 42, NULL, NULL),
('0024905645', '16052002', 'SRI NURMAYANTI', 35, NULL, NULL),
('0024911051', '02102002', 'ASEP DIDIN', 29, NULL, NULL),
('0024990181', '16112002', 'DIMAS SETIAWAN', 40, NULL, NULL),
('0025042856', '22082002', 'SILVI RISYANTI', 31, NULL, NULL),
('0025164622', '18062002', 'RATU SINDI DELIANTI WP', 43, NULL, NULL),
('0025195952', '01062002', 'RESTU TAHAJZUDIN ISMAIL', 43, NULL, NULL),
('0025199302', '28112002', 'NURFITRIANI', 29, NULL, NULL),
('0025211139', '13042003', 'AYU KRISTIANA', 39, NULL, NULL),
('0025228081', '12092002', 'ABDUL MALIK RAMDANI', 31, NULL, NULL),
('0025440907', '23072002', 'SINTA JULIYANTI SUKMA', 36, NULL, NULL),
('0025486732', '23112002', 'BAMBANG BAHTIAR RIVA\'I', 30, NULL, NULL),
('0025787161', '22102002', 'ANISA PUTRIANI', 31, NULL, NULL),
('0025793569', '27092002', 'RISNA MUTIARA', 39, NULL, NULL),
('0025929333', '02102002', 'AI RIDA LAILA', 36, NULL, NULL),
('0026081133', '07112002', 'SITI LELA NURLAILA', 36, NULL, NULL),
('0026105769', '05042002', 'SITI SYARAH NOOR APRILIA', 32, NULL, NULL),
('0026160304', '26122002', 'GUNAWAN', 40, NULL, NULL),
('0026261189', '21022002', 'ILHAM SUHENDAR', 42, NULL, NULL),
('0026285272', '05062002', 'MUHAMAD ARYA', 36, NULL, NULL),
('0026428430', '21102002', 'INSAN FAWAID', 42, NULL, NULL),
('0026443178', '06082002', 'RIFKI CANDRA AGUSTIAN', 34, NULL, NULL),
('0026536870', '12032002', 'IRAWATI', 39, NULL, NULL),
('0026573959', '04072002', 'ATENG JAELANI', 29, NULL, NULL),
('0026574024', '22092002', 'IVAN NUGRAHA', 41, NULL, NULL),
('0026574053', '03072002', 'TEGAR MAHESA ALBANI', 43, NULL, NULL),
('0026574123', '14092002', 'M. AGIL MIFTAH RAIZABY', 31, NULL, NULL),
('0026574144', '04042002', 'ERSA NUGRAHA', 37, NULL, NULL),
('0026574155', '09082002', 'MUHAMAD ILYAS', 34, NULL, NULL),
('0026574596', '24102002', 'DENA TRIANA', 43, NULL, NULL),
('0026575016', '19032002', 'SYIFA NURUSSAKINAH', 30, NULL, NULL),
('0026575021', '18042002', 'WULAN SOFIANINGSIH', 34, NULL, NULL),
('0026575056', '30112002', 'SHAFITRI FUJIANTI', 30, NULL, NULL),
('0026575089', '28072002', 'VINI HERAWATI', 30, NULL, NULL),
('0026575107', '21032002', 'RATNASARI', 37, NULL, NULL),
('0026575114', '06062002', 'SANDI ZENAL ASYARY', 40, NULL, NULL),
('0026575124', '05112002', 'AFIF FAUZI', 40, NULL, NULL),
('0026575138', '14022002', 'RIVAN SUHENA', 40, NULL, NULL),
('0026575152', '21082002', 'RIZAL', 33, NULL, NULL),
('0026575153', '29082002', 'LUKMANUL HAKIM', 35, NULL, NULL),
('0026575158', '04102002', 'SITI HODIJAH', 38, NULL, NULL),
('0026575160', '15102002', 'SANITA MULYANI', 34, NULL, NULL),
('0026575260', '18072002', 'ADITIYAR PERMANA', 33, NULL, NULL),
('0026575265', '27042002', 'SITI SONIA', 32, NULL, NULL),
('0026575274', '08022002', 'JENNY PEBRIANSYAH', 33, NULL, NULL),
('0026575324', '12052002', 'KUSWANTO', 43, NULL, NULL),
('0026575332', '28102002', 'DEDE RIFKI MAULANA', 35, NULL, NULL),
('0026575336', '08022002', 'RIZQI SYAFA\'ATUL FAJRI', 33, NULL, NULL),
('0026575338', '22032002', 'MUHAEMIN HARORI', 33, NULL, NULL),
('0026575379', '13062002', 'IQBAL SAEPULLOH', 41, NULL, NULL),
('0026575562', '10112002', 'SISKA SRI WAHYUNI', 30, NULL, NULL),
('0026575573', '23072002', 'RATNA', 37, NULL, NULL),
('0026575576', '10092002', 'DEDE MULYANA', 41, NULL, NULL),
('0026575633', '02072002', 'HIKMATUL HASANAH', 37, NULL, NULL),
('0026575658', '01082002', 'Ihsan Fauji', 29, NULL, NULL),
('0026575659', '12072002', 'DIKI AGUS KUSNADI', 40, NULL, NULL),
('0026591568', '25032002', 'AI FITRIANI', 32, NULL, NULL),
('0026591569', '14042002', 'AI CINDI RAHAYU', 31, NULL, NULL),
('0026591600', '15062002', 'Agim Triyadi', 34, NULL, NULL),
('0026591644', '24072002', 'RIZKI NUGRAHA', 29, NULL, NULL),
('0026591645', '25072002', 'SENA GRAHA', 33, NULL, NULL),
('0026591660', '05112002', 'DEDE RISMAN', 29, NULL, NULL),
('0026591666', '28122002', 'ASEP SOMANTRI', 43, NULL, NULL),
('0026591721', '26092002', 'WINA SEPTIANI', 36, NULL, NULL),
('0026591727', '22072003', 'IKHSAN SAEPUL AZIZ', 39, NULL, NULL),
('0026591732', '08102002', 'WIDA HERLINDA', 37, NULL, NULL),
('0026591748', '13072002', 'Nais Nursandi', 29, NULL, NULL),
('0026591835', '05012002', 'DIAN PERMANA PUTRA', 43, NULL, NULL),
('0026591918', '20052002', 'GINI NURWIDIYANTI', 37, NULL, NULL),
('0026591926', '15082002', 'VINA AGUSTINA', 29, NULL, NULL),
('0026591933', '13112000', 'ASEP RIZAL', 31, NULL, NULL),
('0026592030', '06022002', 'PANI RESTI ALAWIAH', 29, NULL, NULL),
('0026592059', '01042002', 'WANDA NURJANAH', 37, NULL, NULL),
('0026592108', '01092002', 'FAUZI MUHAMAD AFANDI', 42, NULL, NULL),
('0026592124', '30082002', 'DIDIT HERMAWAN', 41, NULL, NULL),
('0026596651', '17092002', 'DANI SURYANA', 35, NULL, NULL),
('0026603816', '06122002', 'GANJAR FITRIAN', 34, NULL, NULL),
('0026626700', '21032002', 'MUHAMMAD FAISAL FATLURRAHMAN', 29, NULL, NULL),
('0026704263', '15012002', 'SITI NURAZIJAH', 31, NULL, NULL),
('0026713919', '08042002', 'ALAN HERDIANA', 33, NULL, NULL),
('0026714414', '15022002', 'AI SIFA NURUSSALAM', 31, NULL, NULL),
('0026751973', '28072003', 'MUHAMMAD HARIS SILVANA HIKAYAT', 30, NULL, NULL),
('0026752519', '24052002', 'Zam Zam Muhammad', 33, NULL, NULL),
('0026752734', '10092002', 'RIKA ELIANDA', 37, NULL, NULL),
('0026753152', '10012002', 'MUHAMAD ALWI ABDUL AZIZ', 41, NULL, NULL),
('0026753191', '08112002', 'DINAR ROMANSYAH', 32, NULL, NULL),
('0026753217', '16082002', 'RIZAL NURZAMAN', 42, NULL, NULL),
('0026753253', '20062002', 'BAYU FARHANUDIN', 34, NULL, NULL),
('0026753255', '17072002', 'M. AKHMAL ISMAWAN', 35, NULL, NULL),
('0026753266', '12102002', 'M. NABIL AL HAKIM', 32, NULL, NULL),
('0026755071', '07092002', 'DESTRI RATNA JULIA', 37, NULL, NULL),
('0026755078', '23092002', 'ELSA SYAH PUTRA', 40, NULL, NULL),
('0026756900', '10122002', 'YAYI PILAR PERTIWI', 30, NULL, NULL),
('0026771171', '17012002', 'MUHAMMAD BILAL LUTFI', 34, NULL, NULL),
('0026791712', '06082002', 'MUHAMAD IKHSAN', 39, NULL, NULL),
('0026791730', '21032002', 'AWALUDIN', 40, NULL, NULL),
('0026791742', '13092002', 'FIRGY FERGIAN', 42, NULL, NULL),
('0026791744', '25092001', 'IMAT NUR MUZIZAT', 38, NULL, NULL),
('0026791747', '10112002', 'ARESTIANI PUTRI ROMDONI', 37, NULL, NULL),
('0026791748', '16102002', 'RIFAN OKTOVIAN', 34, NULL, NULL),
('0026791750', '15112002', 'ALMA KHOIRIANI RIZKYANTO', 36, NULL, NULL),
('0026791763', '02122002', 'DEDE SAEPUL RAHMAN', 40, NULL, NULL),
('0026791768', '03072002', 'ABDUL JIHAD', 40, NULL, NULL),
('0026791771', '05012002', 'CECEP SAEPULOH', 33, NULL, NULL),
('0026791775', '22062002', 'SAEPUL JUHRI', 43, NULL, NULL),
('0026791780', '08032002', 'REZZA RIZKI MAULANA', 34, NULL, NULL),
('0026791781', '08052002', 'WIDA WIDIANINGSIH', 32, NULL, NULL),
('0026792050', '31052002', 'SITI MARYATI', 39, NULL, NULL),
('0026792054', '17062002', 'ARIS MULYANA', 29, NULL, NULL),
('0026792055', '23062002', 'KARAN PADILAH', 33, NULL, NULL),
('0026792059', '31072002', 'RIDWAN SUBARKAH', 36, NULL, NULL),
('0026792065', '20092002', 'RAZDAN NUGRAHA', 41, NULL, NULL),
('0026792098', '24082002', 'ABIL ALIBANAN', 41, NULL, NULL),
('0026792099', '30082002', 'JAMALUDIN YAHYA', 43, NULL, NULL),
('0026792100', '17092002', 'GUNAWAN SUPRIATNA', 41, NULL, NULL),
('0026792144', '08082002', 'ASEP MUSTOPA MULYANA', 40, NULL, NULL),
('0026792156', '13102002', 'ALMAS MAULANA ANWAR', 31, NULL, NULL),
('0026792171', '30072002', 'IRWAN', 33, NULL, NULL),
('0026792180', '12122002', 'ALDO PUTRA YUDHISTIRA', 33, NULL, NULL),
('0026792181', '16122002', 'RESTU FAHMI LAZWARDI', 34, NULL, NULL),
('0026792182', '29112002', 'WIDA WINDARI', 37, NULL, NULL),
('0026792287', '26052002', 'JAMAL ALI', 40, NULL, NULL),
('0026792306', '17052002', 'RESTU M HASBYLAH', 39, NULL, NULL),
('0026792326', '18122002', 'AI SAKINAH', 32, NULL, NULL),
('0026792358', '20112002', 'MUHAMAD IQBAL ILHAM RAHAYU', 31, NULL, NULL),
('0026792371', '25092002', 'Salsabila', 29, NULL, NULL),
('0026792372', '23102003', 'Rahma Syipa Nuranisya', 29, NULL, NULL),
('0026792374', '14112002', 'RIZKI RAMDANI', 43, NULL, NULL),
('0026792375', '26112002', 'Yusup Bahtiar', 33, NULL, NULL),
('0026792376', '21122002', 'DIANA PRATAMA WARISMAN', 42, NULL, NULL),
('0026792380', '25012002', 'FIKRI', 42, NULL, NULL),
('0026792381', '02112002', 'RIDZKY RAMADHAN', 40, NULL, NULL),
('0026792389', '17042002', 'FARID RAHMAT HIDAYAT', 42, NULL, NULL),
('0026792391', '25042002', 'SITI NOVIASARI', 29, NULL, NULL),
('0026792410', '16102002', 'SENDI FAJAR', 41, NULL, NULL),
('0026792416', '20112002', 'NUR SYIFA WULANDARI', 39, NULL, NULL),
('0026792423', '01072002', 'SITI JULAEHA', 35, NULL, NULL),
('0026792426', '04062002', 'RINI', 39, NULL, NULL),
('0026792427', '04102002', 'DINDA NUR AWALIA', 38, NULL, NULL),
('0026792428', '24042002', 'MUHAMAD RIDWAN', 42, NULL, NULL),
('0026792429', '05022002', 'ANDRI ANDRIANSAH', 35, NULL, NULL),
('0026792432', '14062002', 'MUHAMAD RIZQI', 38, NULL, NULL),
('0026792434', '07062002', 'SITI MUSOPAH', 29, NULL, NULL),
('0026792442', '22112002', 'EVA NUZUL \'AENA', 29, NULL, NULL),
('0026792443', '22112002', 'EVI NUZUL \'AENI', 29, NULL, NULL),
('0026792502', '08022002', 'IKBAL ABDUL AZIS', 34, NULL, NULL),
('0026792544', '10032002', 'CECEP HILMAN MAULANA', 37, NULL, NULL),
('0026939784', '02032002', 'ARIMAN FAJAR SHIDIK', 36, NULL, NULL),
('0026939790', '11062002', 'LENTI SULASTRI', 38, NULL, NULL),
('0026951764', '14102002', 'ADI BAHRUL MUHIT', 30, NULL, NULL),
('0026951976', '04092002', 'RISTA SRI ERMINA', 36, NULL, NULL),
('0026953605', '18022002', 'MUHAMMAD IJLAL AZMI', 35, NULL, NULL),
('0026953621', '15092002', 'M. FIKRI AULI NURROJAB', 42, NULL, NULL),
('0026953641', '12052002', 'DADAN RIADUL ARIFIN', 34, NULL, NULL),
('0026953780', '27072002', 'DARIN SUFYAN ATSAORY', 42, NULL, NULL),
('0026953837', '12042002', 'MUHAMAD FIRMAN NUR CAHYA', 41, NULL, NULL),
('0027073535', '19092002', 'NAZAR NUR SAPUTRA', 29, NULL, NULL),
('0027243819', '09062002', 'ADE IRPAN MULYANA', 33, NULL, NULL),
('0027247132', '08122002', 'AZMI AZWAR FAUZAN', 33, NULL, NULL),
('0027316158', '28032002', 'ADI PURNAMA', 35, NULL, NULL),
('0027316166', '19072002', 'ENDANG AYU LAELASARI', 32, NULL, NULL),
('0027316167', '23072002', 'BAGAS SURYA PERMANA', 41, NULL, NULL),
('0027316182', '20102002', 'FERY RIZQI GUNAWAN', 42, NULL, NULL),
('0027316185', '27102002', 'PUTRI LATIF SYABANI', 30, NULL, NULL),
('0027316190', '08122002', 'AGIS RAMDANI', 43, NULL, NULL),
('0027316196', '30052002', 'AL FIKRAN HILLABI PASHA', 41, NULL, NULL),
('0027316327', '07082002', 'ABDUL BASIR', 41, NULL, NULL),
('0027316599', '10092002', 'SALWA ARINI', 32, NULL, NULL),
('0027316607', '02122002', 'GHIYAN ADITIA JUMADI', 29, NULL, NULL),
('0027316638', '30112002', 'ADRIAN JOE SATRIANI', 42, NULL, NULL),
('0027316775', '02072002', 'NIDA JULIANA MAULIDA', 31, NULL, NULL),
('0027316865', '09122002', 'MUHAMMAD FAUZAN AZHAR', 30, NULL, NULL),
('0027316879', '14122002', 'DESVIA SYALWA RINJANIE', 31, NULL, NULL),
('0027316928', '08112002', 'JAYYID UBAEDILLAH RAMADHAN', 38, NULL, NULL),
('0027317014', '16012002', 'SILPIYA ZAKIYAH', 38, NULL, NULL),
('0027317069', '11052002', 'RESTU ZATNIKA RESMANA', 41, NULL, NULL),
('0027317121', '30102002', 'M.LUTHFI RESTU FAUZI', 40, NULL, NULL),
('0027466668', '22102002', 'RIPKI', 34, NULL, NULL),
('0027503566', '15092002', 'PUTRI AULI', 39, NULL, NULL),
('0027521374', '18092002', 'TESSA', 32, NULL, NULL),
('0027551263', '09122002', 'CAHYADI SOMANTRI', 33, NULL, NULL),
('0027582454', '27122002', 'LISA NUR AWALIAYAH', 30, NULL, NULL),
('0027602230', '11122002', 'MUHAMMAD YOGA PRATAMA', 40, NULL, NULL),
('0027639993', '12122002', 'SUMIA DEWI YANTI', 36, NULL, NULL),
('0027650040', '11042002', 'DEDE DEVI RAHAYU', 31, NULL, NULL),
('0027650045', '23072002', 'CUHARA ADI SAPUTRA', 33, NULL, NULL),
('0027650048', '06082002', 'FARDAN HAQ KUSHENDAR', 30, NULL, NULL),
('0027650056', '29092002', 'DELANI NISA TABINA', 31, NULL, NULL),
('0027650212', '02042002', 'MUHAMAD RIZAL', 33, NULL, NULL),
('0027650239', '09022002', 'RIDWANSYAH', 29, NULL, NULL),
('0027650242', '19122002', 'MUHAMAD AKMAL SIROJUL HAK', 29, NULL, NULL),
('0027927336', '28012002', 'MARDIANA', 35, NULL, NULL),
('0027975863', '24082002', 'MOHAMAD ROVI', 43, NULL, NULL),
('0027975983', '07102002', 'AGYM ABDUL MAJID', 41, NULL, NULL),
('0027976062', '15062002', 'ILMI HUSEN DULYADEN', 40, NULL, NULL),
('0028001443', '05022002', 'JAJANG GUNAWAN', 33, NULL, NULL),
('0028088662', '18122002', 'NIZAR RIFKI NUGRAHA', 41, NULL, NULL),
('0028111796', '12032003', 'ACEP NURDIANTO', 37, NULL, NULL),
('0028134362', '14122002', 'RESKY ICHSAN TAUFIK', 32, NULL, NULL),
('0028298948', '11032002', 'RESTI SAHARA', 32, NULL, NULL),
('0028298954', '27062002', 'SALMA NURHAWAMI', 39, NULL, NULL),
('0028298962', '13082002', 'SITI LAILA LAYINA', 38, NULL, NULL),
('0028333618', '21112002', 'MUH. AGIM RAMDHANI', 43, NULL, NULL),
('0028333650', '10052002', 'MUHAMMAD FAIZ BURHANUDDIN', 39, NULL, NULL),
('0028333655', '09072002', 'SINTIA YULIJA YANTI', 36, NULL, NULL),
('0028333664', '14082002', 'GUSTOPA MUHAMAD IRSAD', 31, NULL, NULL),
('0028333670', '20092002', 'DELIA FARADILLA', 36, NULL, NULL),
('0028333673', '24102002', 'ARIE EFRIYAN PRATAMA', 42, NULL, NULL),
('0028333674', '03112002', 'NIDA NAFA RISALAH', 31, NULL, NULL),
('0028334500', '05062002', 'RENA RIANA', 37, NULL, NULL),
('0028334507', '17092002', 'FAIZAL DARMAWAN PRATAMA', 41, NULL, NULL),
('0028345173', '18022002', 'ASEP RIJKON', 30, NULL, NULL),
('0028376845', '08102002', 'ARIS MUHAMAD SARIPUDIN', 29, NULL, NULL),
('0028606411', '28092002', 'SANTI YANI', 30, NULL, NULL),
('0028629010', '12102002', 'RIA MUSTIKA', 39, NULL, NULL),
('0028637581', '27112001', 'Rezian Kepil Alaitam', 41, NULL, NULL),
('0028642208', '02092002', 'AULIA AZZAHRO', 29, NULL, NULL),
('0028827777', '30092002', 'SHALSA YAYU ILSHANTY', 31, NULL, NULL),
('0028838238', '30052002', 'ARAF MUSMULYANA', 30, NULL, NULL),
('0028849657', '21112002', 'RAMDANI', 33, NULL, NULL),
('0028863253', '18052002', 'MUHAMAD ALZAN FADILLAH', 35, NULL, NULL),
('0028866629', '01072002', 'NURLUTFI', 33, NULL, NULL),
('0029024298', '01042002', 'AZIS RAHAYU ABDUL BASIT', 34, NULL, NULL),
('0029152894', '17092003', 'SALMAN ALPARISI', 41, NULL, NULL),
('0029190215', '02022003', 'BAHARUDIN YUSUP', 43, NULL, NULL),
('0029257119', '03072002', 'PINA RAHMAWATI', 38, NULL, NULL),
('0029353782', '17052002', 'AI NASUROH', 36, NULL, NULL),
('0029384786', '14112002', 'Nisa Ramadani', 39, NULL, NULL),
('0029409763', '20062002', 'YOGA ABDUL AZIS', 32, NULL, NULL),
('0029451516', '25072002', 'MUHAMAD INDRA PRATAMA', 43, NULL, NULL),
('0029478366', '17092002', 'HENDRIANA NURALAM', 35, NULL, NULL),
('0029501185', '04102002', 'Ihsan Nurhasan', 29, NULL, NULL),
('0029523065', '17052002', 'ADITYA', 43, NULL, NULL),
('0029566394', '22092002', 'WULAN PUSPITASARI', 30, NULL, NULL),
('0029817955', '12102002', 'TOPAN MAULANA MALIK S', 33, NULL, NULL),
('0029834631', '21122002', 'ALDI ALFIANSYAH RUSMANA', 33, NULL, NULL),
('0029838406', '20032002', 'MOCH FAHRUL MAULANA', 34, NULL, NULL),
('0030129025', '07072003', 'HILMI PAUJAN', 33, NULL, NULL),
('0030186884', '23102003', 'YANTO', 36, NULL, NULL),
('0030352122', '25052003', 'LALA NURLATIPAH', 39, NULL, NULL),
('0030637445', '08012003', 'RIZAL ZAELANI', 35, NULL, NULL),
('0031122477', '18062003', 'MILA LESTARI', 36, NULL, NULL),
('0031146952', '07082003', 'ANGGITA NAILA SALSABILA', 36, NULL, NULL),
('0031285956', '08032003', 'DEWI NURSYVA', 36, NULL, NULL),
('0031425238', '15072003', 'SAPITRI', 35, NULL, NULL),
('0031470920', '17052003', 'RISNAWATI MELIANA', 32, NULL, NULL),
('0031549115', '30042003', 'SETIAWAN', 35, NULL, NULL),
('0031830470', '16082003', 'MUHAMMAD FIKRY HAIQAL', 35, NULL, NULL),
('0031836643', '08022003', 'MUHAMAD HARDIANSYAH RIDWAN', 41, NULL, NULL),
('0031986296', '11022003', 'ANDI ADRIYAN', 29, NULL, NULL),
('0032240523', '04062002', 'YANI HANDIYANI', 38, NULL, NULL),
('0032422108', '25012003', 'EVA NURHAYATI', 31, NULL, NULL),
('0032520369', '20052003', 'Tsania Nuraini', 36, NULL, NULL),
('0032549293', '21032003', 'YOGA ABDUL AZIS', 37, NULL, NULL),
('0032602171', '06022003', 'DEDE RANI', 29, NULL, NULL),
('0032682780', '01012003', 'MUHAMAD FIRDAUS', 32, NULL, NULL),
('0032779899', '08022003', 'SYAHID PEBRIAN', 43, NULL, NULL),
('0033027909', '09012003', 'Ade Salman Sopian A.', 39, NULL, NULL),
('0033132599', '29112003', 'PETI RAHMAWATI', 38, NULL, NULL),
('0033132601', '06012002', 'KUSMANA', 42, NULL, NULL),
('0033132603', '01032003', 'WINDI TRIANI', 38, NULL, NULL),
('0033132616', '30012003', 'YENI NUR AINI', 30, NULL, NULL),
('0033132618', '11022003', 'RANTI DEVIAN', 32, NULL, NULL),
('0033132619', '27022003', 'RIZKI VAHRI HUSYAENI', 42, NULL, NULL),
('0033132632', '17032003', 'SITI SOLIHAH', 43, NULL, NULL),
('0033132645', '29052003', 'RITA KARLINA', 39, NULL, NULL),
('0033132658', '03052003', 'RAHMA GINA FURNAMA SUKMA', 30, NULL, NULL),
('0033132661', '08112003', 'SANTI ALIFA AZHANI', 31, NULL, NULL),
('0033132666', '14032003', 'LUSI RAHMAWATI', 38, NULL, NULL),
('0033132669', '25052003', 'NUR PAHRI ABDUL RAHMAN', 42, NULL, NULL),
('0033132698', '08022003', 'SITI JUBAEDAH', 32, NULL, NULL),
('0033132713', '12082003', 'Caca Abdul Malik', 38, NULL, NULL),
('0033132979', '05042003', 'DEWI LESTARI', 31, NULL, NULL),
('0033139007', '02062003', 'SILVIANA ZUNIYAS STIAWATI', 29, NULL, NULL),
('0033139047', '06062003', 'ANISA', 39, NULL, NULL),
('0033139061', '28052003', 'RESTIA NURALIFA', 37, NULL, NULL),
('0033139202', '08042003', 'YUSTI NURAIDA', 32, NULL, NULL),
('0033139298', '15022003', 'ADAM MAULANA', 43, NULL, NULL),
('0033139300', '14022003', 'CHIKA DEVINA', 37, NULL, NULL),
('0033139388', '28022003', 'AGUNG FEBRIAN NUGRAHA', 37, NULL, NULL),
('0033152213', '02052003', 'IRNA NURSITA HAYATI', 31, NULL, NULL),
('0033272089', '25122002', 'ASEP AYAN ANSORI', 35, NULL, NULL),
('0033299301', '11052003', 'GALIH HERDIANSYAH', 34, NULL, NULL),
('0033299955', '30052002', 'Iksan Maulana', 29, NULL, NULL),
('0033299979', '25042003', 'FAJAR SIDIK', 34, NULL, NULL),
('0033310115', '12012003', 'NENG RIKA NURAENI', 39, NULL, NULL),
('0033310726', '28042003', 'RIDWAN MOHAMAD FADILAH', 40, NULL, NULL),
('0033310791', '15012003', 'DEDE ABDUL ROZAQ', 30, NULL, NULL),
('0033359312', '14022003', 'AJEUNG SRI WULANDARI', 36, NULL, NULL),
('0033359324', '06102003', 'VANESA OLIVIA SANUSI', 38, NULL, NULL),
('0033359326', '11022003', 'RESA RESTANA', 37, NULL, NULL),
('0033359539', '11012003', 'RIRIN NURUL. H', 31, NULL, NULL),
('0033359560', '20052003', 'ALIP MAULANA', 42, NULL, NULL),
('0033359563', '06032003', 'WIDI SAMROTUL FUADI', 32, NULL, NULL),
('0033359587', '02012003', 'RINALDI', 32, NULL, NULL),
('0033359593', '26012003', 'ALDI SOLAHUDIN', 34, NULL, NULL),
('0033359596', '20022003', 'ANGGA PEBRIAN DWI YAHYA', 35, NULL, NULL),
('0033359599', '18032004', 'INDRA SAPUTRA', 34, NULL, NULL),
('0033359603', '13052003', 'DEDE DANI', 42, NULL, NULL),
('0033359609', '21122003', 'MILA RAHMAWATI', 30, NULL, NULL),
('0033359652', '12102003', 'ROSYANTI', 39, NULL, NULL),
('0033359665', '29122003', 'DHEA HEFITA MARYAM', 35, NULL, NULL),
('0033359679', '25012003', 'ANGGA MAULANA', 41, NULL, NULL),
('0033359685', '28032003', 'ASEP JAMALUDIN', 32, NULL, NULL),
('0033359687', '04022003', 'NAZAR TAUPIQ', 40, NULL, NULL),
('0033359693', '08022003', 'SANSAN SETIAWAN', 41, NULL, NULL),
('0033359721', '12022003', 'AGUNG RUHIMAT', 40, NULL, NULL),
('0033359722', '11122003', 'DESRI SITI AULIA', 43, NULL, NULL),
('0033359729', '24062003', 'RIFKI HERLAMBANG', 32, NULL, NULL),
('0033359730', '07112003', 'AI LUSINDA', 36, NULL, NULL),
('0033383219', '09062003', 'Nurmala', 36, NULL, NULL),
('0033519411', '04072003', 'SITI AINNURHOPIQ', 39, NULL, NULL),
('0033519422', '02032003', 'NISA SOLIHAH', 31, NULL, NULL),
('0033519485', '24112003', 'SUCI FITRIANI', 38, NULL, NULL),
('0033533226', '12072003', 'AMI MULYA NUGRAHA', 40, NULL, NULL),
('0033541190', '25022002', 'ANIS ANA LESIA', 30, NULL, NULL),
('0033627890', '04042003', 'RENI SITI SOPIAH', 35, NULL, NULL),
('0033656165', '02042002', 'YANA OKTAVIANA', 40, NULL, NULL),
('0033687069', '04102002', 'ANISA BANDAWATI', 38, NULL, NULL),
('0033865271', '18032003', 'DELA HERAENI', 32, NULL, NULL),
('0033919323', '01022003', 'RIKZA NUR ARDI', 43, NULL, NULL),
('0033919391', '21012003', 'CAHYA NUR A\'ISYAH', 30, NULL, NULL),
('0033919561', '21052003', 'RAHMAT MAULANA', 35, NULL, NULL),
('0033919682', '30032003', 'ARIEN HERLINA', 37, NULL, NULL),
('0033919841', '20022003', 'RADYA FAKHRIZA BIANDA', 38, NULL, NULL),
('0033919914', '30032003', 'AGNI ATTIYA HUSNIYAH', 38, NULL, NULL),
('0033919936', '06012003', 'ISNA SRI WULANDARI', 31, NULL, NULL),
('0033919951', '08092003', 'REDA ROUDATUL JANAH', 31, NULL, NULL),
('0033986810', '01042003', 'DIKDIK RIYADUL MUTAPAHIMIN', 33, NULL, NULL),
('0034110301', '22112003', 'RIDWAN AZMI RAMADHAN', 30, NULL, NULL),
('0034276487', '17012003', 'DIMAS ANDRIANA', 32, NULL, NULL),
('0034276805', '11042002', 'MUHAMAD HAIKAL DJIKRULOH', 43, NULL, NULL),
('0034276883', '07022003', 'ADI SELAMET', 34, NULL, NULL),
('0034277112', '29042003', 'LISTRI SETIAH', 32, NULL, NULL),
('0034353102', '20042003', 'FAHMI ROYANUL HAKIM', 30, NULL, NULL),
('0034377405', '01022003', 'SANDI FATHUR RACHMAN', 32, NULL, NULL),
('0034400216', '11032003', 'VIDIA SITI NURHASANAH', 31, NULL, NULL),
('0034440813', '14072003', 'RANDI PERMANA', 42, NULL, NULL),
('0034582096', '12042003', 'MUHAMMAD DHIMAS SHAFAR ARYA WIGUNA', 36, NULL, NULL),
('0034691324', '04062003', 'GINGIN SYAHRUDIN', 41, NULL, NULL),
('0034730706', '15072003', 'Yuni Megi. P', 37, NULL, NULL),
('0034786452', '18052003', 'RAHMA ALIYANTI', 36, NULL, NULL),
('0035066692', '01022003', 'RULI AMELIA', 38, NULL, NULL),
('0035239709', '14032003', 'BAYU NUR ANWAR', 40, NULL, NULL),
('0035307185', '07072003', 'SEIKHA ZAHRANI', 30, NULL, NULL),
('0035378724', '07022003', 'BIMA NUR FEBRIANSYAH', 40, NULL, NULL),
('0035811737', '14062003', 'SYIFA NURULAINI ', 39, NULL, NULL),
('0036354764', '15092002', 'GILANG AJI PERMANA', 43, NULL, NULL),
('0036542690', '26032003', 'ARDELIYA NURHATIMAH', 37, NULL, NULL),
('0036880715', '23032002', 'DIKI', 29, NULL, NULL),
('0037061335', '03032003', 'AGIS MAULANA', 31, NULL, NULL),
('0037195547', '03082003', 'WINDA RESTI ARIFAH', 30, NULL, NULL),
('0037322576', '06062003', 'AHMAD FAHRI', 40, NULL, NULL),
('0037349705', '07012003', 'CANDRA HIDAYAT', 40, NULL, NULL),
('0037362866', '19072003', 'IMAS NURHAYATI', 31, NULL, NULL),
('0037637319', '12092002', 'JIHAN MAULANA SIREGAR', 33, NULL, NULL),
('0037707103', '10062003', 'AZRIL INDRA PERMANA', 42, NULL, NULL),
('0037708916', '06032003', 'AHMAD NULHAKIM', 34, NULL, NULL),
('0037823166', '13102002', 'DHAIFFULLOH OKTAVIANA', 30, NULL, NULL),
('0037872960', '26032003', 'MUHAMMAD RIFKY ALFAREZ', 29, NULL, NULL),
('0037921197', '04012002', 'RAYU MAULANA PUTRA', 31, NULL, NULL),
('0038000364', '22052003', 'ZAHRANI MARIAM', 37, NULL, NULL),
('0038014454', '24092003', 'SEVILLA SULISTIA AMATILLAH', 29, NULL, NULL),
('0038036262', '21032003', 'RIVAN AHMAD FAUZAN', 43, NULL, NULL),
('0038091683', '15052003', 'RIZAL MUHAMMAD DESTIAN', 38, NULL, NULL),
('0038225783', '16062003', 'IQBAL NAZAR HANAFI', 42, NULL, NULL),
('0038337762', '29042003', 'AULIA NURUL ISMI', 38, NULL, NULL),
('0038519142', '18032003', 'SITI ERNASARI', 32, NULL, NULL),
('0038629022', '12042003', 'WILDA APRILIANTI', 30, NULL, NULL),
('0038631199', '06012004', 'RIDWAN ABDUL AZIS', 34, NULL, NULL),
('0038646853', '13092003', 'TEGAR PURNAMA', 32, NULL, NULL),
('0038649245', '15082002', 'ELSA SRI LESTARI', 38, NULL, NULL),
('0038984818', '05052003', 'RAIHAN FAUZAN', 41, NULL, NULL),
('0039001581', '09022003', 'BAYU ZAMZAM SAEPULOH', 34, NULL, NULL),
('0039293885', '13022003', 'ABDUL MUGNI', 35, NULL, NULL),
('0039465821', '03042003', 'SANI HILMANSYAH', 42, NULL, NULL),
('0039491811', '03052003', 'AJRIL FADILLAH', 43, NULL, NULL),
('0039668379', '25022003', 'AI SHILA FEBRIYANTI', 38, NULL, NULL),
('0039773867', '08082003', 'SITI NURJANAH', 31, NULL, NULL),
('0039807486', '16122003', 'ADAM AHMAD MALIK', 43, NULL, NULL),
('0039867559', '30072003', 'WILI ATMAJA MUHAMAD RIZQI', 41, NULL, NULL),
('0039876435', '23052003', 'NURUL FAUZIAH', 35, NULL, NULL),
('0039980982', '01092003', 'ANDRI HERDIANA', 35, NULL, NULL),
('0041815372', '23042004', 'YESYA ANANDITA', 36, NULL, NULL),
('0051984893', '28052002', 'MUHAMAD IRFAN MAULANA', 35, NULL, NULL),
('0053161933', '26052003', 'RIKA RATNADILA KHAERUNISA', 36, NULL, NULL),
('3021595789', '01092002', 'IRVAN', 40, NULL, NULL),
('3024422727', '26102002', 'SYIFA NURFADILAH', 38, NULL, NULL),
('3025391454', '04112002', 'FITRA RAMA GUMELAR', 38, NULL, NULL),
('3032051700', '25052003', 'DANI HERMAWAN', 33, NULL, NULL),
('33272311', '03092003', 'RINI ANGGRAENI', 39, NULL, NULL);

-- --------------------------------------------------------

--
-- Table structure for table `subkomponens`
--

CREATE TABLE `subkomponens` (
  `id` bigint(20) UNSIGNED NOT NULL,
  `komponen_id` bigint(20) UNSIGNED NOT NULL,
  `subkomponen` varchar(50) COLLATE utf8mb4_unicode_ci NOT NULL,
  `created_at` timestamp NULL DEFAULT NULL,
  `updated_at` timestamp NULL DEFAULT NULL
) ENGINE=InnoDB DEFAULT CHARSET=utf8mb4 COLLATE=utf8mb4_unicode_ci;

--
-- Dumping data for table `subkomponens`
--

INSERT INTO `subkomponens` (`id`, `komponen_id`, `subkomponen`, `created_at`, `updated_at`) VALUES
(791, 19, 'Tahajjud', '2021-01-12 08:09:26', '2021-01-12 08:09:26'),
(793, 19, 'Istikhoroh', '2021-01-12 09:41:07', '2021-01-12 09:41:07'),
(794, 22, 'Khutbah/Pidato', '2021-01-17 20:31:11', '2021-01-17 20:31:11'),
(795, 13, 'Wudhu', '2021-01-18 20:08:43', '2021-01-18 20:08:43'),
(796, 14, 'Tayamum', '2021-01-18 20:08:56', '2021-01-18 20:08:56'),
(797, 20, 'An-Naba', '2021-01-18 20:10:34', '2021-01-18 20:10:34'),
(798, 21, 'An-Naba', '2021-01-18 20:10:46', '2021-01-18 20:10:46'),
(799, 21, 'An-Nazi\'at', '2021-01-18 20:11:02', '2021-01-18 20:11:02'),
(800, 21, '\'Abbas', '2021-01-18 20:11:13', '2021-01-18 20:11:13');

-- --------------------------------------------------------

--
-- Table structure for table `tahun_ajaran`
--

CREATE TABLE `tahun_ajaran` (
  `id` bigint(20) UNSIGNED NOT NULL,
  `tahun_ajaran` varchar(30) COLLATE utf8mb4_unicode_ci NOT NULL,
  `semester` varchar(15) COLLATE utf8mb4_unicode_ci NOT NULL,
  `status` varchar(20) COLLATE utf8mb4_unicode_ci NOT NULL,
  `created_at` timestamp NULL DEFAULT NULL,
  `updated_at` timestamp NULL DEFAULT NULL
) ENGINE=InnoDB DEFAULT CHARSET=utf8mb4 COLLATE=utf8mb4_unicode_ci;

--
-- Dumping data for table `tahun_ajaran`
--

INSERT INTO `tahun_ajaran` (`id`, `tahun_ajaran`, `semester`, `status`, `created_at`, `updated_at`) VALUES
(1, '2020/2021', 'Ganjil', 'Aktif', '2021-02-01 21:29:41', '2021-02-01 21:29:41'),
(2, '2020/2021', 'Ganjil', 'Tidak Aktif', '2021-02-01 21:31:50', '2021-02-01 21:31:50'),
(3, '2020/2024', 'Ganjil', 'Aktif', '2021-02-01 21:47:30', '2021-02-01 21:47:30');

-- --------------------------------------------------------

--
-- Table structure for table `users`
--

CREATE TABLE `users` (
  `id` bigint(20) UNSIGNED NOT NULL,
  `name` varchar(255) COLLATE utf8mb4_unicode_ci NOT NULL,
  `email` varchar(255) COLLATE utf8mb4_unicode_ci NOT NULL,
  `email_verified_at` timestamp NULL DEFAULT NULL,
  `password` varchar(255) COLLATE utf8mb4_unicode_ci NOT NULL,
  `remember_token` varchar(100) COLLATE utf8mb4_unicode_ci DEFAULT NULL,
  `created_at` timestamp NULL DEFAULT NULL,
  `updated_at` timestamp NULL DEFAULT NULL
) ENGINE=InnoDB DEFAULT CHARSET=utf8mb4 COLLATE=utf8mb4_unicode_ci;

-- --------------------------------------------------------

--
-- Table structure for table `walis`
--

CREATE TABLE `walis` (
  `id` bigint(20) UNSIGNED NOT NULL,
  `wali_kelas` varchar(50) COLLATE utf8mb4_unicode_ci NOT NULL,
  `created_at` timestamp NULL DEFAULT NULL,
  `updated_at` timestamp NULL DEFAULT NULL
) ENGINE=InnoDB DEFAULT CHARSET=utf8mb4 COLLATE=utf8mb4_unicode_ci;

--
-- Dumping data for table `walis`
--

INSERT INTO `walis` (`id`, `wali_kelas`, `created_at`, `updated_at`) VALUES
(1, 'VIKA', NULL, NULL),
(2, 'RANI', NULL, NULL),
(3, 'VIKA', NULL, NULL),
(4, 'RANI', NULL, NULL),
(5, 'VIKA', NULL, NULL),
(6, 'RANI', NULL, NULL),
(7, 'VIKA', NULL, NULL),
(8, 'RANI', NULL, NULL),
(9, 'VIKA', NULL, NULL),
(10, 'RANI', NULL, NULL),
(11, 'VIKA', NULL, NULL),
(12, 'RANI', NULL, NULL),
(13, 'VIKA', NULL, NULL),
(14, 'RANI', NULL, NULL),
(15, 'VIKA', NULL, NULL),
(16, 'RANI', NULL, NULL),
(17, 'VIKA', NULL, NULL),
(18, 'RANI', NULL, NULL),
(19, 'VIKA', NULL, NULL),
(20, 'RANI', NULL, NULL),
(21, 'VIKA', NULL, NULL),
(22, 'RANI', NULL, NULL),
(23, 'VIKA', NULL, NULL),
(24, 'RANI', NULL, NULL),
(25, 'VIKA', NULL, NULL),
(26, 'RANI', NULL, NULL),
(27, 'VIKA', NULL, NULL),
(28, 'RANI', NULL, NULL),
(29, 'VIKA', NULL, NULL),
(30, 'RANI', NULL, NULL),
(31, 'VIKA', NULL, NULL),
(32, 'RANI', NULL, NULL),
(33, 'VIKA', NULL, NULL),
(34, 'RANI', NULL, NULL),
(35, 'VIKA', NULL, NULL),
(36, 'RANI', NULL, NULL),
(37, 'VIKA', NULL, NULL),
(38, 'RANI', NULL, NULL),
(39, 'VIKA', NULL, NULL),
(40, 'RANI', NULL, NULL),
(41, 'VIKA', NULL, NULL),
(42, 'RANI', NULL, NULL),
(43, 'VIKA', NULL, NULL);

--
-- Indexes for dumped tables
--

--
-- Indexes for table `failed_jobs`
--
ALTER TABLE `failed_jobs`
  ADD PRIMARY KEY (`id`);

--
-- Indexes for table `kelas`
--
ALTER TABLE `kelas`
  ADD PRIMARY KEY (`id`),
  ADD KEY `kelases_wali_id_foreign` (`wali_id`);

--
-- Indexes for table `komponens`
--
ALTER TABLE `komponens`
  ADD PRIMARY KEY (`id`);

--
-- Indexes for table `migrations`
--
ALTER TABLE `migrations`
  ADD PRIMARY KEY (`id`);

--
-- Indexes for table `penilaians`
--
ALTER TABLE `penilaians`
  ADD PRIMARY KEY (`id`),
  ADD KEY `penilaians_nisn_foreign` (`nisn`),
  ADD KEY `penilaians_komponen_id_foreign` (`komponen_id`),
  ADD KEY `penilaians_subkomponen_id_foreign` (`subkomponen_id`);

--
-- Indexes for table `siswas`
--
ALTER TABLE `siswas`
  ADD PRIMARY KEY (`nisn`),
  ADD KEY `kelas_id` (`kelas_id`);

--
-- Indexes for table `subkomponens`
--
ALTER TABLE `subkomponens`
  ADD PRIMARY KEY (`id`),
  ADD KEY `subkomponens_komponen_id_foreign` (`komponen_id`);

--
-- Indexes for table `tahun_ajaran`
--
ALTER TABLE `tahun_ajaran`
  ADD PRIMARY KEY (`id`);

--
-- Indexes for table `users`
--
ALTER TABLE `users`
  ADD PRIMARY KEY (`id`),
  ADD UNIQUE KEY `users_email_unique` (`email`);

--
-- Indexes for table `walis`
--
ALTER TABLE `walis`
  ADD PRIMARY KEY (`id`);

--
-- AUTO_INCREMENT for dumped tables
--

--
-- AUTO_INCREMENT for table `failed_jobs`
--
ALTER TABLE `failed_jobs`
  MODIFY `id` bigint(20) UNSIGNED NOT NULL AUTO_INCREMENT;

--
-- AUTO_INCREMENT for table `kelas`
--
ALTER TABLE `kelas`
  MODIFY `id` bigint(20) UNSIGNED NOT NULL AUTO_INCREMENT, AUTO_INCREMENT=44;

--
-- AUTO_INCREMENT for table `komponens`
--
ALTER TABLE `komponens`
  MODIFY `id` bigint(20) UNSIGNED NOT NULL AUTO_INCREMENT, AUTO_INCREMENT=25;

--
-- AUTO_INCREMENT for table `migrations`
--
ALTER TABLE `migrations`
  MODIFY `id` int(10) UNSIGNED NOT NULL AUTO_INCREMENT, AUTO_INCREMENT=19;

--
-- AUTO_INCREMENT for table `penilaians`
--
ALTER TABLE `penilaians`
  MODIFY `id` bigint(20) UNSIGNED NOT NULL AUTO_INCREMENT, AUTO_INCREMENT=190;

--
-- AUTO_INCREMENT for table `subkomponens`
--
ALTER TABLE `subkomponens`
  MODIFY `id` bigint(20) UNSIGNED NOT NULL AUTO_INCREMENT, AUTO_INCREMENT=801;

--
-- AUTO_INCREMENT for table `tahun_ajaran`
--
ALTER TABLE `tahun_ajaran`
  MODIFY `id` bigint(20) UNSIGNED NOT NULL AUTO_INCREMENT, AUTO_INCREMENT=4;

--
-- AUTO_INCREMENT for table `users`
--
ALTER TABLE `users`
  MODIFY `id` bigint(20) UNSIGNED NOT NULL AUTO_INCREMENT;

--
-- AUTO_INCREMENT for table `walis`
--
ALTER TABLE `walis`
  MODIFY `id` bigint(20) UNSIGNED NOT NULL AUTO_INCREMENT, AUTO_INCREMENT=44;

--
-- Constraints for dumped tables
--

--
-- Constraints for table `kelas`
--
ALTER TABLE `kelas`
  ADD CONSTRAINT `kelases_wali_id_foreign` FOREIGN KEY (`wali_id`) REFERENCES `walis` (`id`) ON DELETE CASCADE ON UPDATE CASCADE;

--
-- Constraints for table `penilaians`
--
ALTER TABLE `penilaians`
  ADD CONSTRAINT `penilaians_komponen_id_foreign` FOREIGN KEY (`komponen_id`) REFERENCES `komponens` (`id`) ON DELETE CASCADE ON UPDATE CASCADE,
  ADD CONSTRAINT `penilaians_nisn_foreign` FOREIGN KEY (`nisn`) REFERENCES `siswas` (`nisn`),
  ADD CONSTRAINT `penilaians_subkomponen_id_foreign` FOREIGN KEY (`subkomponen_id`) REFERENCES `subkomponens` (`id`) ON DELETE CASCADE ON UPDATE CASCADE;

--
-- Constraints for table `siswas`
--
ALTER TABLE `siswas`
  ADD CONSTRAINT `siswas_ibfk_1` FOREIGN KEY (`kelas_id`) REFERENCES `kelas` (`id`) ON DELETE CASCADE ON UPDATE CASCADE;

--
-- Constraints for table `subkomponens`
--
ALTER TABLE `subkomponens`
  ADD CONSTRAINT `subkomponens_komponen_id_foreign` FOREIGN KEY (`komponen_id`) REFERENCES `komponens` (`id`) ON DELETE CASCADE ON UPDATE CASCADE;
COMMIT;

/*!40101 SET CHARACTER_SET_CLIENT=@OLD_CHARACTER_SET_CLIENT */;
/*!40101 SET CHARACTER_SET_RESULTS=@OLD_CHARACTER_SET_RESULTS */;
/*!40101 SET COLLATION_CONNECTION=@OLD_COLLATION_CONNECTION */;
